season,title,rating,votes,summary,link
1,S1.E1 ∙ Pilot,8.4, (7.9K),Young kindergarten teacher Rebecca Adler collapses in her classroom after losing intelligible speech while teaching students.,https://www.imdb.com/title/tt0606035/?ref_=ttep_ep_1
1,S1.E2 ∙ Paternity,8.0, (5.9K),"The team helps a high school boy (16) who has double vision and night terrors. (Clinic Cases: Unvaccinated baby, man with boil on leg.)",https://www.imdb.com/title/tt0606034/?ref_=ttep_ep_2
1,S1.E3 ∙ Occam's Razor,8.1, (5.5K),"A college boy whose low blood pressure does not respond with IV fluids piques House's curiosity. Clinic Cases: A woman who had a cold last week, man with a sore throat, woman whose leg hurts after running 6 miles, a boy and his MP3 Player.",https://www.imdb.com/title/tt0606033/?ref_=ttep_ep_3
1,S1.E4 ∙ Maternity,8.3, (5.4K),A nightmare scenario hits Princeton Plainsboro when babies in the maternity ward are hit by a potentially fatal epidemic. Clinic Cases: Woman with a parasite!,https://www.imdb.com/title/tt0606030/?ref_=ttep_ep_4
1,S1.E5 ∙ Damned If You Do,8.0, (5.1K),A nun suffering from acute dermatitis and asthma treated by House with possibly the wrong medication comes dangerously close to death.,https://www.imdb.com/title/tt0606018/?ref_=ttep_ep_5
1,S1.E6 ∙ The Socratic Method,8.3, (5K),"A 38-year-old mother, apparently suffering from thrombosis, alcoholism and schizophrenia, has only her young son as caregiver.",https://www.imdb.com/title/tt0606045/?ref_=ttep_ep_6
1,S1.E7 ∙ Fidelity,8.0, (4.9K),"A woman comes down with symptoms of African sleeping sickness, but there seems to be no way she could have contracted it. House and his aides must ask a few tough questions and make some tough decisions in order to try to save her.",https://www.imdb.com/title/tt0606022/?ref_=ttep_ep_7
1,S1.E8 ∙ Poison,8.0, (4.7K),"A high school boy has hallucinations and collapses during an exam. When he does not respond to treatments, and the normal tests are negative, Foreman presents the case to House. Clinic Cases: A happy old lady.",https://www.imdb.com/title/tt0606036/?ref_=ttep_ep_8
1,S1.E9 ∙ DNR,8.7, (5.4K),"A famous jazz trumpeter, diagnosed with ALS, signs a DNR form, but because House believes the diagnosis wrong, he breaks the law by resuscitating him.",https://www.imdb.com/title/tt0606016/?ref_=ttep_ep_9
1,S1.E10 ∙ Histories,8.4, (4.9K),A delusional homeless woman is found unconscious in an acid house exhibiting a variety of symptoms which Foreman thinks she's faking.,https://www.imdb.com/title/tt0606025/?ref_=ttep_ep_10
1,S1.E11 ∙ Detox,8.6, (5K),A girl crashes a Porsche after her boyfriend starts coughing up blood and continues to have unexplained bleeds. Clinic Cases: Cuddy gives House a month off clinic duties if he can spend a week off his pain meds.,https://www.imdb.com/title/tt0606020/?ref_=ttep_ep_11
1,S1.E12 ∙ Sports Medicine,7.8, (4.3K),"A detoxed sports star about to make his comeback breaks his arm due to brittle bones. Clinic Cases: Woman with leg pain, man trying to remove his contact lenses, a dentist with various issues, and a hung over teenager - all in 70 seconds.",https://www.imdb.com/title/tt0606041/?ref_=ttep_ep_12
1,S1.E13 ∙ Cursed,8.0, (4.4K),A young boy's fever lasts nearly a week after a Ouija board predicts he will die. Clinic Cases: Chase's case of a man with numb fingers.,https://www.imdb.com/title/tt0606015/?ref_=ttep_ep_13
1,S1.E14 ∙ Control,8.5, (4.6K),Can House save a high powered female executive from the same problem that has left him in constant pain? A new head of the hospital board could cause problems. Clinic cases: A boy and his mute dad.,https://www.imdb.com/title/tt0606014/?ref_=ttep_ep_14
1,S1.E15 ∙ Mob Rules,7.9, (4.3K),A Mob informer collapses before trial. Is he faking or is he really in a coma? Clinic Cases: A pair of brothers come in when the youngster gets toys stuck up his nose.,https://www.imdb.com/title/tt0606031/?ref_=ttep_ep_15
1,S1.E16 ∙ Heavy,8.2, (4.3K),"A morbidly obese ten-year-old girl has a heart attack, and her mother insists that House and his team look past her weight to find the diagnosis. Meanwhile, Vogler pressures House to fire a member of his staff. Overweight woman with a 30-pound tumor on her ovaries who refuses to have it removed, because she worries she will be unattractive.",https://www.imdb.com/title/tt0606024/?ref_=ttep_ep_16
1,S1.E17 ∙ Role Model,8.4, (4.4K),"An ambitious and charismatic black senator campaigning for the presidency falls ill from a mysterious malady, possibly AIDS.",https://www.imdb.com/title/tt0606037/?ref_=ttep_ep_17
1,S1.E18 ∙ Babies & Bathwater,8.8, (4.8K),"While House and his team scramble to discover what's causing brain and kidney dysfunction in a pregnant woman, Vogler is on the warpath to get House fired.",https://www.imdb.com/title/tt0606013/?ref_=ttep_ep_18
1,S1.E19 ∙ Kids,8.2, (4.2K),"During a meningitis outbreak which overwhelms the clinic, House is drawn to a single patient: a 12-year-old competitive diver whose symptoms don't quite match everyone else's.",https://www.imdb.com/title/tt0606028/?ref_=ttep_ep_19
1,S1.E20 ∙ Love Hurts,8.1, (4.3K),"House has to deal with his promised dinner date with Cameron, a mysterious stroke in a clinic patient and a libidinous senior citizen.",https://www.imdb.com/title/tt0606029/?ref_=ttep_ep_20
1,S1.E21 ∙ Three Stories,9.6, (11K),"House's ex Stacy Warner asks him to treat her husband. House takes over a diagnostics class for a day and presents the class with three case studies of leg pain. As House tells his story and the class gradually fills up with listeners, the class learns a lot about how to be better doctors, and Chase, Foreman and Cameron learn some important details of House's past.",https://www.imdb.com/title/tt0606046/?ref_=ttep_ep_21
1,S1.E22 ∙ Honeymoon,8.6, (4.6K),House doses his ex-girlfriend's husband in order to get him into hospital after she begs House to treat him. Is House treating Mark differently in order to get back at Stacy for his leg?,https://www.imdb.com/title/tt0606043/?ref_=ttep_ep_22
2,S2.E1 ∙ Acceptance,8.3, (4.4K),House treats a patient on death row while Dr. Cameron avoids telling a patient she has a terminal illness.,https://www.imdb.com/title/tt0606011/?ref_=ttep_ep_1
2,S2.E2 ∙ Autopsy,9.1, (6.4K),"A very brave and mature 9-year-old girl has terminal cancer, but that is not what the problem seems to be.",https://www.imdb.com/title/tt0606012/?ref_=ttep_ep_2
2,S2.E3 ∙ Humpty Dumpty,7.8, (4K),"Cuddy joins the team after her handyman falls off of her roof and begins to develop bizarre symptoms. Clinic Cases: African American man who objects to ""minority meds.""",https://www.imdb.com/title/tt0606026/?ref_=ttep_ep_3
2,S2.E4 ∙ TB or Not TB,7.9, (4K),"A doctor campaigns against the epidemic of TB in Africa, possibly at the risk of his own life.",https://www.imdb.com/title/tt0606042/?ref_=ttep_ep_4
2,S2.E5 ∙ Daddy's Boy,8.0, (3.9K),"The team takes care of a student with inexplicable electrical shocks, and House's parents visit.",https://www.imdb.com/title/tt0606017/?ref_=ttep_ep_5
2,S2.E6 ∙ Spin,7.7, (3.8K),"Star bicycle racer collapses, and the team must come up with a diagnosis after the patient admits to blood doping. House and Stacy continue sparring with each other. Clinic Case: Flight attendant poisons himself with gum.",https://www.imdb.com/title/tt0606040/?ref_=ttep_ep_6
2,S2.E7 ∙ Hunting,8.2, (3.9K),"After being accused of assaulting a sick man, House is forced to take on his case. However, despite the fact that he has AIDS, it's clearly not what's killing him.",https://www.imdb.com/title/tt0606027/?ref_=ttep_ep_7
2,S2.E8 ∙ The Mistake,8.8, (4.6K),"Chaos ensues after Chase's negligence leads to the death of a female patient. Now, after an inquiry from the hospital board, and a subpoena from the patient's brother, it's up to Stacey to protect Chase's career, as well as House's.",https://www.imdb.com/title/tt0606044/?ref_=ttep_ep_8
2,S2.E9 ∙ Deception,8.3, (3.8K),"A woman collapses at an off-track betting parlor in front of House, and he must battle his new boss to find her diagnosis.",https://www.imdb.com/title/tt0606019/?ref_=ttep_ep_9
2,S2.E10 ∙ Failure to Communicate,8.4, (3.9K),"When a famous writer is brought in with language difficulties, House must assist via phone while waiting for a delayed plane.",https://www.imdb.com/title/tt0606021/?ref_=ttep_ep_10
2,S2.E11 ∙ Need to Know,8.0, (3.7K),"House and the team must determine what is causing an increasingly deceitful patient's muscle flailing. Stacy makes a decision, and Cameron avoids a test.",https://www.imdb.com/title/tt0606032/?ref_=ttep_ep_11
2,S2.E12 ∙ Distractions,8.4, (3.9K),"A patient with 40% body burns and inexplicable cardiac and neurological signs is treated by the team, while House pursues disproving an old enemy's medical study.",https://www.imdb.com/title/tt0606023/?ref_=ttep_ep_12
2,S2.E13 ∙ Skin Deep,8.5, (4.4K),"The search for the cause of a supermodel's symptoms causes intense feelings among the team, as new facts are revealed. Meanwhile, House experiences increasing pain in his leg.",https://www.imdb.com/title/tt0606039/?ref_=ttep_ep_13
2,S2.E14 ∙ Sex Kills,8.3, (3.8K),House and the team struggle to diagnose one patient in order to save another. Clinic Case: College student claims he has the hots for heifers.,https://www.imdb.com/title/tt0606038/?ref_=ttep_ep_14
2,S2.E15 ∙ Clueless,8.4, (3.8K),House must diagnose a man who became sick and experienced difficulty breathing during sex-play but all tests keep returning normal. Wilson experiences close-up what living with House is like. Clinic case: Herpes,https://www.imdb.com/title/tt0763992/?ref_=ttep_ep_15
2,S2.E16 ∙ Safe,8.6, (4.2K),"6 months after a teenage girl receives a heart transplant, she goes into anaphylactic shock in her clean bedroom and discovers something on her arm, after her boyfriend climbs in her bedroom window and they have sex.",https://www.imdb.com/title/tt0774238/?ref_=ttep_ep_16
2,S2.E17 ∙ All In,8.9, (4.8K),"On a class field trip, a teacher discovers that her six-year-old student, Ian, is bleeding profusely. Dr. House thinks Ian has the same unknown disease that killed an elderly patient of his years ago.",https://www.imdb.com/title/tt0774235/?ref_=ttep_ep_17
2,S2.E18 ∙ Sleeping Dogs Lie,8.0, (3.7K),Cameron gets mad at Foreman because Foreman steals her idea for an article. The case of the week: a woman has not slept for ten days despite taking a bottle of sleeping pills.,https://www.imdb.com/title/tt0765624/?ref_=ttep_ep_18
2,S2.E19 ∙ House vs. God,8.4, (4.1K),"House takes on a teenage faith healer, Wilson desperately wants into a poker game, and tensions escalate between Cameron and Foreman.",https://www.imdb.com/title/tt0774237/?ref_=ttep_ep_19
2,S2.E20 ∙ Euphoria: Part 1,9.1, (5.2K),"A police officer in critical condition has bizarre symptoms, and Dr. Foreman finds himself in an unpleasant situation.",https://www.imdb.com/title/tt0774236/?ref_=ttep_ep_20
2,S2.E21 ∙ Euphoria: Part 2,9.2, (5.8K),House tries radical procedures to save Foreman's life; Foreman's father visits.,https://www.imdb.com/title/tt0799143/?ref_=ttep_ep_21
2,S2.E22 ∙ Forever,7.9, (3.6K),"A dad kisses his wife and baby goodbye before leaving for work, pukes and returns to find his wife with seizure in the bathtub and the baby under water. Foreman is back but changed.",https://www.imdb.com/title/tt0777001/?ref_=ttep_ep_22
2,S2.E23 ∙ Who's Your Daddy?,7.6, (3.6K),"House cares for a young Katrina victim, the alleged daughter of an old friend of his. He supposes she has hallucinations because of the heart, but it turns out not to be the cause. House discovers a disease that her grandfather had.",https://www.imdb.com/title/tt0784412/?ref_=ttep_ep_23
2,S2.E24 ∙ No Reason,9.4, (7.4K),An old patient of House comes back and seeks revenge upon him in the form of gunshot.,https://www.imdb.com/title/tt0787373/?ref_=ttep_ep_24
3,S3.E1 ∙ Meaning,8.8, (4.6K),"Richard, a husband and father living with brain cancer, drives his wheelchair into a pool at a family BBQ. Everyone but his son think that it was suicide from the pain but House will stop at nothing to figure out his true ailment.",https://www.imdb.com/title/tt0828219/?ref_=ttep_ep_1
3,S3.E2 ∙ Cane and Able,8.3, (3.8K),"House is affected by the fact that he thinks he didn't solve the last case while a young boy, who believes aliens tortured him, is brought in.",https://www.imdb.com/title/tt0834714/?ref_=ttep_ep_2
3,S3.E3 ∙ Informed Consent,8.5, (3.9K),House and his team face a lot of moral dilemmas when a patient wants them to help him end his life.,https://www.imdb.com/title/tt0834715/?ref_=ttep_ep_3
3,S3.E4 ∙ Lines in the Sand,8.9, (4.7K),"A ten-year-old boy begins screaming in pain, but nobody knows why, because he is autistic and cannot explain. House refuses to use his office because it has new carpet.",https://www.imdb.com/title/tt0836216/?ref_=ttep_ep_4
3,S3.E5 ∙ Fools for Love,8.2, (3.6K),"A husband and wife being treated cause Foreman to ponder the strength of true love, and House abuses one too many patients with potentially devastating repercussions.",https://www.imdb.com/title/tt0873021/?ref_=ttep_ep_5
3,S3.E6 ∙ Que Será Será,8.0, (3.7K),"An obese man in a coma presents treatment challenges, but finding out what's wrong with him may be the most challenging test of all. Elsewhere, Tritter ramps up his vendetta against House.",https://www.imdb.com/title/tt0854514/?ref_=ttep_ep_6
3,S3.E7 ∙ Son of Coma Guy,8.8, (4.6K),"When the son of a man in a vegetative state starts going into a coma, the vegetative man is reawakened chemically by House, who hopes to get some clues to the son's problems.",https://www.imdb.com/title/tt0859366/?ref_=ttep_ep_7
3,S3.E8 ∙ Whac-A-Mole,8.0, (3.5K),"A young man collapses at his job, and House makes a game of establishing the diagnosis until things turn critical, and Tritter increases the pressure on Wilson.",https://www.imdb.com/title/tt0866187/?ref_=ttep_ep_8
3,S3.E9 ∙ Finding Judas,8.4, (3.6K),"While a little girl's life and limbs are in jeopardy, Tritter becomes more manipulative and House suffers withdrawal.",https://www.imdb.com/title/tt0871152/?ref_=ttep_ep_9
3,S3.E10 ∙ Merry Little Christmas,8.6, (3.8K),"Wilson presents the deal to House and then convinces Cuddy to back him up, meanwhile the team is flummoxed by a patient's condition and various members keep seeking out House for his opinion even though he may not be prepared to assist.",https://www.imdb.com/title/tt0882414/?ref_=ttep_ep_10
3,S3.E11 ∙ Words and Deeds,8.4, (3.7K),"House checks himself into rehab just before his trial, but a different game entirely may be afoot. Elsewhere, the team attempts to treat a firefighter who can't stop shivering.",https://www.imdb.com/title/tt0888858/?ref_=ttep_ep_11
3,"S3.E12 ∙ One Day, One Room",9.0, (7.5K),"Stuck with clinic duty, House almost wishes he had the boring patients back after he encounters a young woman with an STD and the need to talk.",https://www.imdb.com/title/tt0902016/?ref_=ttep_ep_12
3,S3.E13 ∙ Needle in a Haystack,7.8, (3.5K),"A young man is stricken during sex with his girlfriend, and House must determine why his organs are suddenly shutting down. Finding the cause is like looking for a needle in a haystack.",https://www.imdb.com/title/tt0897691/?ref_=ttep_ep_13
3,S3.E14 ∙ Insensitive,8.6, (3.9K),"On Valentine's Day, House meddles in relationships as he works to diagnose a teenager who has a genetic inability to feel pain.",https://www.imdb.com/title/tt0917153/?ref_=ttep_ep_14
3,S3.E15 ∙ Half-Wit,8.9, (4.8K),"House struggles to find out why a pianist savant is losing his ability to play. Ultimately, a decision must be made as to how much brain is necessary for a normal quality of life.",https://www.imdb.com/title/tt0942528/?ref_=ttep_ep_15
3,S3.E16 ∙ Top Secret,7.9, (3.5K),"A patient whose relative has called in a favor with Cuddy presents with nonspecific minor symptoms that turn life-threatening, but House is distracted by a dream and an inability to urinate.",https://www.imdb.com/title/tt0979558/?ref_=ttep_ep_16
3,S3.E17 ∙ Fetal Position,8.4, (3.8K),"When a pregnant woman has a stroke, the team is at a loss after all tests reveal nothing, but when her organs start shutting down Cuddy takes over the case.",https://www.imdb.com/title/tt0987017/?ref_=ttep_ep_17
3,S3.E18 ∙ Airborne,8.9, (4.5K),"House and Cuddy are flying back to the US from an international conference in Singapore. While en route a mysterious disease strikes one passenger and an epidemic unfolds, causing House to diagnose in midair since they have missed the halfway mark by passing the north pole.",https://www.imdb.com/title/tt0994242/?ref_=ttep_ep_18
3,S3.E19 ∙ Act Your Age,8.1, (3.4K),"A young girl is ailed with diseases that usually strike people much older than her 6 years of age. But before House can diagnose her, her brother starts exhibiting the same symptoms she was admitted with. During all of this House gives Wilson tickets that a patient had given to him for a play.",https://www.imdb.com/title/tt0976557/?ref_=ttep_ep_19
3,S3.E20 ∙ House Training,8.1, (3.5K),"The cause of a woman's TIA stumps the team, and Foreman's family visits.",https://www.imdb.com/title/tt0994243/?ref_=ttep_ep_20
3,S3.E21 ∙ Family,8.2, (3.4K),"Wilson is preparing his 14-year-old patient, Nick, for a bone marrow transplant when the donor, Nick's younger brother Matty, suddenly starts sneezing. Since Nick's immune system has been destroyed by the chemotherapy for his cancer, he cannot risk a marrow donation from Matty while Matty is ill.",https://www.imdb.com/title/tt0994241/?ref_=ttep_ep_21
3,S3.E22 ∙ Resignation,8.2, (3.4K),A college girl suddenly coughs up blood during karate class. Foreman resigns. A vegan couple has problems with floating poop. House secretly drugs Wilson with amphetamine.,https://www.imdb.com/title/tt0994244/?ref_=ttep_ep_22
3,S3.E23 ∙ The Jerk,8.3, (3.5K),"When a teenage chess player assaults his opponent, the team struggles to determine whether the problem is organic or psychological. Clinic Cases: Spotted sunburn.",https://www.imdb.com/title/tt1023376/?ref_=ttep_ep_23
3,S3.E24 ∙ Human Error,8.8, (4.1K),"A couple risk their lives getting from Cuba to see House, but his preoccupation with staff issues may cost the woman her life.",https://www.imdb.com/title/tt1023643/?ref_=ttep_ep_24
4,S4.E1 ∙ Alone,8.9, (4.6K),"House is off his game without the team, and Wilson uses an extreme tactic to force him into interviews.",https://www.imdb.com/title/tt1081396/?ref_=ttep_ep_1
4,S4.E2 ∙ The Right Stuff,8.7, (4K),"House is forced to choose a new staff... and gathers 40 applicants to start narrowing down the field. Meanwhile, an Air Force pilot wants House to treat her secretly so she doesn't ruin her chances of becoming an astronaut.",https://www.imdb.com/title/tt1104387/?ref_=ttep_ep_2
4,S4.E3 ∙ 97 Seconds,8.6, (3.9K),"Down to 10 candidates for his team, House splits them into 2 groups to diagnose a patient whose short lifespan has been made even shorter. Foreman leads his own team to diagnose a patient at his new workplace.",https://www.imdb.com/title/tt1117787/?ref_=ttep_ep_3
4,S4.E4 ∙ Guardian Angels,8.3, (3.5K),"A woman seeing her dead mother stumps the recruits, especially once she begins seeing a recent victim.",https://www.imdb.com/title/tt1117788/?ref_=ttep_ep_4
4,S4.E5 ∙ Mirror Mirror,8.7, (4K),A victim of a mugging presents with neurological symptoms and begins to mirror the behaviors of his doctors. Foreman joins the new fellows in seeking a diagnosis; Cameron and Chase takes bets on whom House will fire next.,https://www.imdb.com/title/tt1117789/?ref_=ttep_ep_5
4,S4.E6 ∙ Whatever It Takes,8.5, (3.7K),"House is taken by jet to help diagnose a dying CIA agent, leaving Foreman in charge of the team trying to find out why a young woman passed out after a drag car race.",https://www.imdb.com/title/tt1123416/?ref_=ttep_ep_6
4,S4.E7 ∙ Ugly,8.1, (3.5K),House and his team are hampered by a reality television crew while battling over possible diagnoses for a craniofacial surgery patient.,https://www.imdb.com/title/tt1136646/?ref_=ttep_ep_7
4,S4.E8 ∙ You Don't Want to Know,8.5, (3.5K),"A magician's heart stops during a performance. At first House dismisses the case, but later changes his mind when complications arise. House has a contest to determine the next one to leave the team.",https://www.imdb.com/title/tt1134258/?ref_=ttep_ep_8
4,S4.E9 ∙ Games,8.5, (3.7K),"House treats a rock musician, and some of the candidates have to get past their personal biases, Wilson misdiagnoses a patient, and the winners are named.",https://www.imdb.com/title/tt1144658/?ref_=ttep_ep_9
4,S4.E10 ∙ It's a Wonderful Lie,8.2, (3.4K),"House is equally obsessed with a mother and daughter who don't lie, and using Christmas to create discord among the team members.",https://www.imdb.com/title/tt1172357/?ref_=ttep_ep_10
4,S4.E11 ∙ Frozen,9.1, (4.9K),"When a researcher at a South Pole base becomes ill, House must diagnose the case at a distance. Meanwhile, House tries to find out who Wilson is dating, and his new staff tries to get him cable.",https://www.imdb.com/title/tt1168087/?ref_=ttep_ep_11
4,S4.E12 ∙ Don't Ever Change,7.9, (3.4K),"A woman collapses at her wedding. She led a different life style before her marriage, House insists she hasn't changed. Wilson starts dating Amber.",https://www.imdb.com/title/tt1178841/?ref_=ttep_ep_12
4,S4.E13 ∙ No More Mr. Nice Guy,7.9, (3.3K),"House encounters a patient who is too nice for his own good, which is a bigger problem than his emergency room diagnosis; and House competes with Amber for Wilson's attention.",https://www.imdb.com/title/tt1216106/?ref_=ttep_ep_13
4,S4.E14 ∙ Living the Dream,8.1, (3.4K),"House finds himself at odds with his team when he becomes convinced that an actor on his favorite soap, ""Prescription Passion,"" has a serious medical condition.",https://www.imdb.com/title/tt1216107/?ref_=ttep_ep_14
4,S4.E15 ∙ House's Head,9.7, (14K),"A bus that House was riding crashes. House claims there's a victim on the bus who is dying, but not from the bus accident. He stops at nothing to figure out who the patient is and what is ailing him/her.",https://www.imdb.com/title/tt1216108/?ref_=ttep_ep_15
4,S4.E16 ∙ Wilson's Heart,9.7, (13K),"The team works to save someone close to a central character's heart. The key is inside House's head, but he is in a bad way himself.",https://www.imdb.com/title/tt1216109/?ref_=ttep_ep_16
5,S5.E1 ∙ Dying Changes Everything,8.3, (3.7K),"House's preoccupation with Wilson leaves his team without direction and endangers the patient, a female whose exhaustive work schedule and demanding boss may have caused her condition.",https://www.imdb.com/title/tt1274484/?ref_=ttep_ep_1
5,S5.E2 ∙ Not Cancer,8.1, (3.3K),"Years after receiving body parts from an organ donor, five out of six recipients die within a few months, but not from organ rejection. House and the team race against time to figure out why before the final surviving recipient, a young woman who received the donor's cornea, mysteriously dies as well.",https://www.imdb.com/title/tt1273723/?ref_=ttep_ep_2
5,S5.E3 ∙ Adverse Events,7.9, (3.2K),"House's investigator gets information on everyone, which House uses to stir the pot of their lives while the team tries to cure a portraitist whose artistic view now looks like Picasso.",https://www.imdb.com/title/tt1273727/?ref_=ttep_ep_3
5,S5.E4 ∙ Birthmarks,8.9, (4.2K),"House tries every delaying tactic available when Wilson forces him to attend his father's funeral. Meanwhile, the team tries to find the cause of a young woman's abdominal pain and hemorrhage that occurred in China.",https://www.imdb.com/title/tt1273728/?ref_=ttep_ep_4
5,S5.E5 ∙ Lucky Thirteen,8.4, (3.5K),"Thirteen's one night stand collapses at her apartment, and her symptoms are so misleading that the diagnosis may be terminal. Meanwhile, revelation about Wilson and Thirteen occupy House.",https://www.imdb.com/title/tt1273729/?ref_=ttep_ep_5
5,S5.E6 ∙ Joy,8.4, (3.4K),"House takes on a case where the patient has unexplained blackouts, and his daughter may hold the key to the diagnosis. Meanwhile, Cuddy prepares for her new arrival until there are complications with the birth mother.",https://www.imdb.com/title/tt1273730/?ref_=ttep_ep_6
5,S5.E7 ∙ The Itch,8.1, (3.1K),House takes time to dabble in Cameron and Chase's love life while he treats an agoraphobic patient she's brought to the team.,https://www.imdb.com/title/tt1273731/?ref_=ttep_ep_7
5,S5.E8 ∙ Emancipation,7.9, (3K),"The team tries to treat a patient who keeps lying to them, and Foreman exerts some independence.",https://www.imdb.com/title/tt1273732/?ref_=ttep_ep_8
5,S5.E9 ∙ Last Resort,8.9, (4.6K),"A person takes House, Thirteen and others as hostages. He's seen several doctors but none have found what ails him. As they work towards finding a solution, Thirteen makes decisions which leads her to think about her own condition.",https://www.imdb.com/title/tt1273733/?ref_=ttep_ep_9
5,S5.E10 ∙ Let Them Eat Cake,8.1, (3.1K),The drug trial brings back memories for Thirteen; Kutner and Taub scramble as they try to salvage a scam and save the team's patient whose gastric bypass may not have saved her life.,https://www.imdb.com/title/tt1273713/?ref_=ttep_ep_10
5,S5.E11 ∙ Joy to the World,8.2, (3.4K),"A teenager collapses on stage, and the outcome will lead to a surprise for Cuddy. Wilson convinces House to be nice to his patients during the holidays. Foreman and Thirteen have issues when a trial patient drops from the program.",https://www.imdb.com/title/tt1273714/?ref_=ttep_ep_11
5,S5.E12 ∙ Painless,7.9, (3.1K),House treats a patient who's worn out by chronic pain. Cuddy tries to do her job and take care of her new child. Foreman and Thirteen's relationship stalls.,https://www.imdb.com/title/tt1273715/?ref_=ttep_ep_12
5,S5.E13 ∙ Big Baby,7.8, (2.9K),"House maneuvers against a measured Cameron when she takes over Cuddy's duties, Foreman faces an ethical dilemma, and Cuddy has trouble bonding with the baby.",https://www.imdb.com/title/tt1273716/?ref_=ttep_ep_13
5,S5.E14 ∙ The Greater Good,7.8, (2.9K),"A physician who gave up her career comes in for treatment, leading to tense encounters with the team. Meanwhile, Cuddy exacts revenge and Foreman's choice has devastating consequences.",https://www.imdb.com/title/tt1273717/?ref_=ttep_ep_14
5,S5.E15 ∙ Unfaithful,8.3, (3.2K),"House treats a priest who's lost his faith, issues an ultimatum to Foreman and Thirteen, and plays with Cuddy's desire to have him attend - or is it not attend? - her baby's naming ceremony.",https://www.imdb.com/title/tt1273718/?ref_=ttep_ep_15
5,S5.E16 ∙ The Softer Side,8.4, (3.3K),"House's team resents being made complicit in a web of lies parents have told their son when he's brought in for treatment that may be related to his intersexuality. Meanwhile, no one's content that House is happy.",https://www.imdb.com/title/tt1273719/?ref_=ttep_ep_16
5,S5.E17 ∙ The Social Contract,8.6, (3.4K),"The team tries to diagnose a condition that leaves the patient saying anything that he thinks, no matter whom it hurts, and Wilson raises House's antennae when he passes up a monster truck rally.",https://www.imdb.com/title/tt1273720/?ref_=ttep_ep_17
5,S5.E18 ∙ Here Kitty,8.1, (3.1K),House treats a patient who is convinced she's dying because of a death predicting cat. Meanwhile Taub catches up with an old High School classmate and contemplates leaving the team.,https://www.imdb.com/title/tt1273721/?ref_=ttep_ep_18
5,S5.E19 ∙ Locked In,9.1, (5K),"House is injured in a motorcycle accident. While recovering, he finds an accident victim suffering from a brain injury. House tries to prove the brain damage caused the accident, not vice versa, so he can treat the patient.",https://www.imdb.com/title/tt1273722/?ref_=ttep_ep_19
5,S5.E20 ∙ Simple Explanation,9.1, (5.3K),"Taub treats a patient whose dying husband gets better as she becomes sicker, while the rest of the team deals with a devastating loss.",https://www.imdb.com/title/tt1273724/?ref_=ttep_ep_20
5,S5.E21 ∙ Saviors,8.2, (3.1K),House worries he's lost his mojo when he can't determine the reason for Cameron and Wilson's changed behaviors or his new patient's diagnosis.,https://www.imdb.com/title/tt1273725/?ref_=ttep_ep_21
5,S5.E22 ∙ House Divided,9.0, (4.2K),"House's Amber hallucination becomes more aggressive as sleep deprivation takes its toll endangering a patient, and Chase's bachelor party ends in the emergency room.",https://www.imdb.com/title/tt1273726/?ref_=ttep_ep_22
5,S5.E23 ∙ Under My Skin,9.2, (4.5K),"When all of House's efforts to rid himself of Amber fail, he turns to someone unexpected for assistance. Meanwhile, the team is left to fend for itself as they try to save a ballerina's life and career.",https://www.imdb.com/title/tt1399759/?ref_=ttep_ep_23
5,S5.E24 ∙ Both Sides Now,9.6, (7.9K),"House and his team treat a patient who had his brain split in half, now it seems like one side of his brain is causing some health/behavioral issues. House plays games with Cuddy over the night he detoxed, and those events will cause major changes. Cameron and Chase come to a decision.",https://www.imdb.com/title/tt1413129/?ref_=ttep_ep_24
6,S6.E1 ∙ Broken,9.6, (12K),"House fights his doctors, the staff and his fellow patients when he's forced to stay in the psychiatric hospital under threat of permanently losing his medical license.",https://www.imdb.com/title/tt1462220/?ref_=ttep_ep_1
6,S6.E2 ∙ Epic Fail,8.5, (3.6K),Vince hallucinates during testing of a video game he's developing. House quits his old job after mental hospital. He joins Wilson in cooking class. Foreman takes over on trial.,https://www.imdb.com/title/tt1503404/?ref_=ttep_ep_2
6,S6.E3 ∙ The Tyrant,8.9, (4.1K),Foreman hires Chase and Cameron as his new team. An African tyrant becomes Foreman and co.'s patient. They're not happy. House is back as consultant. House meets Wilson's downstairs neighbor.,https://www.imdb.com/title/tt1503408/?ref_=ttep_ep_3
6,S6.E4 ∙ Instant Karma,8.3, (3.1K),"A wealthy businessman brings his teenage son, who is suffering from inexplicable stomach pains, to Princeton Plainsboro and insists on having Dr. House handle the case. The father of the patient believes the karmic penalty of his financial success is that he is victim to personal tragedy.",https://www.imdb.com/title/tt1503409/?ref_=ttep_ep_4
6,S6.E5 ∙ Brave Heart,8.3, (3.1K),"A cop believes he's genetically doomed to die of heart failure at 40 (next week), so he takes big risks at work, landing him with Cameron. She gets House to look at him.",https://www.imdb.com/title/tt1503410/?ref_=ttep_ep_5
6,S6.E6 ∙ Known Unknowns,8.2, (3.1K),A teenage girl is brought to the hospital with severely swollen appendages after a wild night out.,https://www.imdb.com/title/tt1503411/?ref_=ttep_ep_6
6,S6.E7 ∙ Teamwork,8.0, (3.1K),"After House's medical license is reinstated, he reclaims his role as Head of Diagnostics in time to treat Hank Hardwick, an adult film star admitted to Princeton Plainsboro for pulsating eye pain. Meanwhile, Cuddy is reminded that the hospital is not conducive to healthy personal relationships.",https://www.imdb.com/title/tt1503412/?ref_=ttep_ep_7
6,S6.E8 ∙ Ignorance Is Bliss,8.2, (3K),A man with IQ 178 works as courier and collapses in a bookstore. House is still playing his games for Cuddy's attention. Chase punches him.,https://www.imdb.com/title/tt1503414/?ref_=ttep_ep_8
6,S6.E9 ∙ Wilson,8.8, (3.9K),"When an old friend and former patient of Wilson's experiences paralysis in his right arm, Wilson puts himself on the case. House wagers Wilson that the patient's symptoms result from new cancer cells. Wilson accepts even though he is reluctant to believe the cancer has returned.",https://www.imdb.com/title/tt1503394/?ref_=ttep_ep_9
6,S6.E10 ∙ The Down Low,8.8, (3.7K),"When drug dealer Mickey mysteriously collapses while negotiating a sale, his partner-in-crime, Eddie, accompanies him to Princeton Plainsboro for treatment. But with a major deal pending, Mickey is not forthcoming with the necessary personal information the team needs to treat him.",https://www.imdb.com/title/tt1564666/?ref_=ttep_ep_10
6,S6.E11 ∙ Remorse,8.6, (3.3K),"The team takes on the case of Valerie, an attractive female executive experiencing random episodes of excruciating pain. House agrees to take the case based on Valerie's looks, and while treating her, the men on the team are charmed by Valerie's beauty and personality.",https://www.imdb.com/title/tt1503395/?ref_=ttep_ep_11
6,S6.E12 ∙ Moving the Chains,7.9, (2.9K),"House and the team rush to treat an ailing college football star in time for the patient to compete in NFL tryouts. But when the patient experiences an onslaught of varied and unusual symptoms, the team has trouble reaching a consensus on how to effectively treat him in time.",https://www.imdb.com/title/tt1503396/?ref_=ttep_ep_12
6,S6.E13 ∙ 5 to 9,8.6, (4.2K),"A day in the life of Lisa Cuddy, Princeton-Plainsborough Hospital Administrator. From a sick child to contract negotiations with insurance companies, from dealing with House's shenanigans to employee theft and patient complaints.",https://www.imdb.com/title/tt1503397/?ref_=ttep_ep_13
6,S6.E14 ∙ Private Lives,7.9, (3K),"House and the team take on the case of an avid blogger admitted with sudden bruising and bleeding. From her hospital bed, the patient blogs about her symptoms, doctors and prospective diagnoses to her dedicated band of followers and solicits their advice on a course of treatment.",https://www.imdb.com/title/tt1503398/?ref_=ttep_ep_14
6,S6.E15 ∙ Black Hole,7.9, (2.9K),"Physics student and his father, Artie, bring in the kid's lover Abby Nash, who nearly suffocated in foam during a planetarium lecture. The team eliminates everything except an allergy to something in her body. House presses Wilson to buy furniture as a way to express his personality.",https://www.imdb.com/title/tt1503399/?ref_=ttep_ep_15
6,S6.E16 ∙ Lockdown,8.7, (4K),"When a newborn disappears from the nursery, Princeton Plainsboro goes on lockdown, preventing anyone from entering, leaving or moving within the hospital. While House and his team members are trapped in various parts of the building, new insights about the team's personal histories, relationships and regrets surface.",https://www.imdb.com/title/tt1623399/?ref_=ttep_ep_16
6,S6.E17 ∙ Knight Fall,7.7, (2.8K),"At a renaissance festival, a knight fights for the ""queen's"" hand. He falls to the ground with red eyes but no wounds. Wilson dates his first ex-wife. House and Thirteen dress up to investigate at the renaissance festival.",https://www.imdb.com/title/tt1503401/?ref_=ttep_ep_17
6,S6.E18 ∙ Open and Shut,7.7, (2.8K),A woman in an open marriage suddenly gets strong belly pain. Taub would like an open marriage. Wilson's new relationship with his ex is shaky.,https://www.imdb.com/title/tt1503402/?ref_=ttep_ep_18
6,S6.E19 ∙ The Choice,7.9, (2.9K),"The team takes on the case of an ailing groom-to-be who harbors undisclosed secrets from a previous relationship. As his fiancée tries to get answers to her many questions, a frustrated team winnows down the possibilities. Meanwhile, House spends extra-curricular time with his Princeton Plainsboro colleagues.",https://www.imdb.com/title/tt1503403/?ref_=ttep_ep_19
6,S6.E20 ∙ Baggage,8.8, (3.7K),"At therapy with Dr. Nolan, House tells about a cute amnesiac in ER, Wilson throwing him out and his old apartment being a mess after Alvarez broke in.",https://www.imdb.com/title/tt1503405/?ref_=ttep_ep_20
6,S6.E21 ∙ Help Me,9.5, (6.6K),"Cuddy, House and members of the team join forces with a search-and-rescue team to provide much-needed medical attention at the scene of an emergency.",https://www.imdb.com/title/tt1503406/?ref_=ttep_ep_21
7,S7.E1 ∙ Now What?,8.2, (3.5K),"House and Cuddy are exploring the ramifications of those feelings and attempting to make a real relationship work. Meanwhile, due to a colleague's illness, Princeton Plainsboro is left without a neurosurgeon on site, threatening the hospital's accreditation as a Level 1 Trauma Center.",https://www.imdb.com/title/tt1697219/?ref_=ttep_ep_1
7,S7.E2 ∙ Selfish,8.5, (3.2K),"When Della, a seemingly healthy and active 14-year-old, suddenly collapses during a skateboarding exhibition, House and his team struggle to diagnose her condition and reassure her parents who already have to cope with their son's terminal illness.",https://www.imdb.com/title/tt1685104/?ref_=ttep_ep_2
7,S7.E3 ∙ Unwritten,8.1, (2.9K),"A famous novelist finishes her last novel and gets ready to shoot herself, when she has a seizure. House gives her a 72 hour psych hold to find out what's wrong with her. House and Wilson go on a go-kart double-date.",https://www.imdb.com/title/tt1726377/?ref_=ttep_ep_3
7,S7.E4 ∙ Massage Therapy,7.7, (2.7K),"When a patient named Margaret McPherson is admitted to Princeton Plainsboro after suffering severe and uncontrollable vomiting, House and the team make unexpected discoveries about her identity as they assess her symptoms. When the symptoms don't improve, the team looks to the patient's medical history to unearth more about her past.",https://www.imdb.com/title/tt1726378/?ref_=ttep_ep_4
7,S7.E5 ∙ Unplanned Parenthood,8.1, (2.9K),A newborn baby has problems breathing. House and team run diagnosis. House babysits Cuddy's daughter. Did she eat a dime? Foreman finds a new female doctor for the team. House fires her and Taub has to find a new one.,https://www.imdb.com/title/tt1726379/?ref_=ttep_ep_5
7,S7.E6 ∙ Office Politics,7.9, (2.7K),"It's election season, and in the midst of a tight campaign, an incumbent New Jersey senator's campaign manager falls ill with liver failure and temporary paralysis. Cuddy pushes House to add a female doctor to his team by hiring brilliant third-year medical student Martha Masters in Thirteen's absence.",https://www.imdb.com/title/tt1708695/?ref_=ttep_ep_6
7,S7.E7 ∙ A Pox on Our House,8.6, (3.3K),"After a 200-year-old medicine jar found on an off-shore shipwreck shatters in a teenage girl's palm, she is admitted to Princeton Plainsboro for symptoms closely linked to smallpox. Meanwhile, Wilson and Sam comfort a 6-year-old chemotherapy patient who prompts them to examine their relationship.",https://www.imdb.com/title/tt1726380/?ref_=ttep_ep_7
7,S7.E8 ∙ Small Sacrifices,7.6, (2.7K),"Science and faith are called into question when a patient is admitted to the hospital following his reenactment of the Crucifixion. The patient, Ramon Silva, refuses to undergo the prescribed treatment, and the team learns that after his daughter's cancer was cured, he pledged an oath of self-sacrifice to God.",https://www.imdb.com/title/tt1726381/?ref_=ttep_ep_8
7,S7.E9 ∙ Larger Than Life,8.2, (2.8K),"When a woman falls on the subway tracks, Jack jumps down, saves her and faints. Martha finds him in ER. When the hospital uses Taub's photo for promotion, his wife is aroused. House meets Cuddy's mom.",https://www.imdb.com/title/tt1726382/?ref_=ttep_ep_9
7,S7.E10 ∙ Carrot or Stick,7.8, (2.7K),A disciplinary training camp drill instructor collapses with back pain. One of the 24 boys joins him in hospital. Someone has access to Chase's social media account and credit card. Cuddy wants Rachel in a good preschool.,https://www.imdb.com/title/tt1726371/?ref_=ttep_ep_10
7,S7.E11 ∙ Family Practice,8.5, (3.1K),Cuddy's mom has heart problems and is admitted. Secrets come out about her mom.,https://www.imdb.com/title/tt1726372/?ref_=ttep_ep_11
7,S7.E12 ∙ You Must Remember This,7.7, (2.6K),"When a waitress with a perfect memory suffers temporary paralysis, her older sister visits her in the hospital, which triggers high stress levels and even more health complications. The patient's sharp memory proves detrimental when a grudge she's been holding against her sibling gets in the way of receiving proper medical treatment.",https://www.imdb.com/title/tt1726373/?ref_=ttep_ep_12
7,S7.E13 ∙ Two Stories,8.8, (4.1K),"House entertains a school class on Career Day telling about his patient, a college student, who coughed up his lung. He spices up the story with quotes from movies. He later gets advice from 2 students outside principal's office.",https://www.imdb.com/title/tt1726374/?ref_=ttep_ep_13
7,S7.E14 ∙ Recession Proof,7.8, (2.7K),A man cleans crime scenes after losing his real estate company. His wife doesn't know. He suddenly gets a fit at a restaurant. Masters thinks he lied about his job. Foreman throws Taub out. Cuddy gets an award.,https://www.imdb.com/title/tt1726375/?ref_=ttep_ep_14
7,S7.E15 ∙ Bombshells,8.5, (3.7K),"Tension reaches new heights when Cuddy faces sobering news that propels her to reevaluate her priorities. While House is distracted by his concern for Cuddy's well-being, the team treats a teenage patient whose worsening symptoms and suspicious body scars indicate more than just physical illness.",https://www.imdb.com/title/tt1726376/?ref_=ttep_ep_15
7,S7.E16 ∙ Out of the Chute,8.7, (3.6K),"Cuddy dumped House. He moves into a luxury hotel and goes on a Vicodin, booze and cute hooker binge. The team gets a trampled rodeo bull rider but needs House to save him. Masters has a crush on their patient.",https://www.imdb.com/title/tt1842688/?ref_=ttep_ep_16
7,S7.E17 ∙ Fall from Grace,8.3, (3K),"A young homeless man who is a former drug addict is found in a park showing signs of olfactory impairment and horrific scars and burn marks on his chest. With an uncertain identity and the patient's severely worsening conditions, the team looks to the patient's personal records and family history in order to understand his detachment.",https://www.imdb.com/title/tt1842081/?ref_=ttep_ep_17
7,S7.E18 ∙ The Dig,8.8, (3.4K),The team treats a patient with a secret home life. House enlists help to participate in a spud gun competition.,https://www.imdb.com/title/tt1878391/?ref_=ttep_ep_18
7,S7.E19 ∙ Last Temptation,8.3, (2.8K),"Masters faces a career crossroads on her last day as a medical student and struggles with the choice to continue on the path to become a surgeon or to accept the rare opportunity to join House's team officially. Meanwhile, the team treats a 16-year-old girl who inexplicably collapsed days before embarking on an ambitious sailing tour around the globe.",https://www.imdb.com/title/tt1880571/?ref_=ttep_ep_19
7,S7.E20 ∙ Changes,7.7, (2.5K),Arlene Cuddy returns and House and Cuddy's jobs are in danger when Arlene tries to sue the hospital.,https://www.imdb.com/title/tt1883788/?ref_=ttep_ep_20
7,S7.E21 ∙ The Fix,7.6, (2.5K),"When House and Wilson bet on a boxing match and disagree over the outcome, Wilson gives him exactly one day to pay up or prove him wrong.",https://www.imdb.com/title/tt1902562/?ref_=ttep_ep_21
7,S7.E22 ∙ After Hours,9.1, (4.1K),Darrien steals a car after getting stabbed and hurries to her friend 13's home for help. Chase brings an ultrasound and helps. House performs surgery on his own leg at home after using experimental drugs.,https://www.imdb.com/title/tt1900094/?ref_=ttep_ep_22
7,S7.E23 ∙ Moving On,8.4, (3.5K),"A known performance artist collapses during a performance. She ends with House's team, which is what she wanted. House is more self-destructive and irresponsible than usual. Cuddy's sister finds a date for her.",https://www.imdb.com/title/tt1919895/?ref_=ttep_ep_23
8,S8.E1 ∙ Twenty Vicodin,8.8, (4K),"House gets parole at his hearing, but he still has to survive 5 more days in a prison filled with violent criminals. One of them wants 20 Vicodin ""or else"". He helps the prison doctor diagnose a patient.",https://www.imdb.com/title/tt2006450/?ref_=ttep_ep_1
8,S8.E2 ∙ Transplant,8.1, (3K),"A surprising visitor makes House an offer he can't refuse by giving him the opportunity to help the Princeton Plainsboro team treat a unique patient in order to save the life of an organ recipient being administered by Wilson. Meanwhile, House makes an effort to reconnect with Wilson despite a cold reception.",https://www.imdb.com/title/tt2015677/?ref_=ttep_ep_2
8,S8.E3 ∙ Charity Case,8.0, (2.8K),"When Benjamin suddenly collapses after making a rare and generous donation, House and Dr. Chi Park are convinced that his extreme altruistic behavior may indicate a deeper medical disorder. Meanwhile, Adams and Park test each other's outlook on generosity and gratitude, and Thirteen's guilt conflicts with her pursuit of personal happiness.",https://www.imdb.com/title/tt2016511/?ref_=ttep_ep_3
8,S8.E4 ∙ Risky Business,7.7, (2.6K),"A businessman, about to move thousands of jobs to China, needs to see a doctor. House needs a donation. Park bets with House on not getting fired. House tries to raise funds for insider trading in his patient's company.",https://www.imdb.com/title/tt2021267/?ref_=ttep_ep_4
8,S8.E5 ∙ The Confession,8.2, (2.7K),"There's money now to hire Chase, Taub and Adams. A ""model citizen"" gets a seizure while cheating on his wife in a motel. He's House's new team's first patient. Is Taub dad to any of ""his"" two babies?",https://www.imdb.com/title/tt2063276/?ref_=ttep_ep_5
8,S8.E6 ∙ Parents,7.8, (2.5K),"A teenage boy attempting to follow in his late father's footsteps as an entertainer is admitted to Princeton Plainsboro with partial paralysis. As the team searches for a bone marrow match, they uncover a disturbing family secret. Also, Taub faces a tough decision when his ex-wife Rachel tells him that she wants to move across the country with their infant daughter.",https://www.imdb.com/title/tt2084392/?ref_=ttep_ep_6
8,S8.E7 ∙ Dead & Buried,8.1, (2.7K),House is more interested in a case that Foreman brings of a 4 year old dead boy than the 14 year old live girl. The team takes care of her while he sees the boy's dad and corpse.,https://www.imdb.com/title/tt2084393/?ref_=ttep_ep_7
8,S8.E8 ∙ Perils of Paranoia,7.7, (2.5K),A prosecutor in court thinks he has a heart attack. Is it an anxiety attack? He has an arsenal hidden from his wife in their home. Taub tries to fix Foreman up with a nurse.,https://www.imdb.com/title/tt2084394/?ref_=ttep_ep_8
8,S8.E9 ∙ Better Half,7.9, (2.6K),A man with Alzheimer's is offered a trial treatment after which he pukes blood. He ends with House and his team. Wilson treats a patient who claims to be in a chaste marriage.,https://www.imdb.com/title/tt2092629/?ref_=ttep_ep_9
8,S8.E10 ∙ Runaways,7.6, (2.5K),"A runaway girl thinks she has asthma. While seeing House, her ear starts bleeding. Further treatment requires adult consent or social services. House enjoys not having an ankle monitor.",https://www.imdb.com/title/tt2121953/?ref_=ttep_ep_10
8,S8.E11 ∙ Nobody's Fault,9.1, (4.1K),"When a violent incident involving a patient has serious consequences for one staff member, House and the team are placed under review by Dr. Walter Cofield, Foreman's former mentor and current Chief of Neurology. Cofield must weigh the team's unconventional brand of collaboration against their ability to save lives.",https://www.imdb.com/title/tt2121954/?ref_=ttep_ep_11
8,S8.E12 ∙ Chase,8.8, (3.6K),"Chase is back. His first patient is a cute nun about to make her final vow. While still blaming House, he needs his help with his patient. House and Taub try to one-up each other with pranks.",https://www.imdb.com/title/tt2121955/?ref_=ttep_ep_12
8,S8.E13 ∙ Man of the House,7.9, (2.5K),"A marriage counselor collapses during a speaking engagement, but when he is put under close evaluation, the team notice changes in his behavior that conflict with his motivational message on the roles of men and women. Meanwhile, House and his Ukrainian ""wife"" Dominika make a deal to convince Immigration that they are a happily married couple.",https://www.imdb.com/title/tt2121956/?ref_=ttep_ep_13
8,S8.E14 ∙ Love Is Blind,7.8, (2.6K),A blind man has just bought an engagement ring when his hearing gets super sensitive. Seizure? House's mom drops by with a surprise. Park has an LSD trip.,https://www.imdb.com/title/tt2121957/?ref_=ttep_ep_14
8,S8.E15 ∙ Blowing the Whistle,7.3, (2.5K),A patient is caught between family and a code of honor.,https://www.imdb.com/title/tt2121958/?ref_=ttep_ep_15
8,S8.E16 ∙ Gut Check,7.5, (2.5K),A hockey player's on-ice fighting takes a turn for the worse.,https://www.imdb.com/title/tt2121959/?ref_=ttep_ep_16
8,S8.E17 ∙ We Need the Eggs,7.7, (2.5K),"House and the team take on the case of a man who starts tearing blood. Meanwhile, House is interviewing for a new favorite hooker, since his current favorite, Emily, has decided to get married and leave the business. Desperate for Emily ""companionship,"" House teams up with his ""wife"" Dominika to sabotage Emily's budding relationship.",https://www.imdb.com/title/tt2121960/?ref_=ttep_ep_17
8,S8.E18 ∙ Body and Soul,7.8, (2.7K),The team analyzes the significance of dreams.,https://www.imdb.com/title/tt2121961/?ref_=ttep_ep_18
8,S8.E19 ∙ The C Word,9.0, (3.9K),"6 y.o. Emily gets a nose bleed and faints. Her dad gets her to the hospital, her mom's a doctor. Wilson has cancer, House is there for him.",https://www.imdb.com/title/tt2121962/?ref_=ttep_ep_19
8,S8.E20 ∙ Post Mortem,8.7, (3K),The team treats a fellow doctor wary of their skills. Meanwhile Wilson forces House on a roadtrip.,https://www.imdb.com/title/tt2121963/?ref_=ttep_ep_20
8,S8.E21 ∙ Holding On,9.0, (3.6K),A patient's illness has its roots in the body and mind. Wilson and House try to come to terms with the cancer.,https://www.imdb.com/title/tt2121964/?ref_=ttep_ep_21
8,S8.E22 ∙ Everybody Dies,9.3, (7.5K),"Treating a drug addict patient results in House examining his life, his future and confronting his own personal demons.",https://www.imdb.com/title/tt2121965/?ref_=ttep_ep_22
